group,stem,matches_add_d,matches_class,stem_on_cdi,forms_on_cdi,aoa,option_type,option,id,stem_id,option_id
feed-fed,bleed,FALSE,TRUE,FALSE,FALSE,737.1,bare_stem,bleed,1,1,1_1
feed-fed,bleed,FALSE,TRUE,FALSE,FALSE,737.1,past,bled,2,1,1_2
feed-fed,bleed,FALSE,TRUE,FALSE,FALSE,737.1,stem_add_d,bleeded,3,1,1_3
feed-fed,bleed,FALSE,TRUE,FALSE,FALSE,737.1,past_add_d,bleded,4,1,1_4
feed-fed,bleed,FALSE,TRUE,FALSE,FALSE,737.1,group_trans,bled,5,1,1_5
feed-fed,cheat,TRUE,FALSE,FALSE,FALSE,790.9,bare_stem,cheat,6,2,2_1
feed-fed,cheat,TRUE,FALSE,FALSE,FALSE,790.9,past,cheated,7,2,2_2
feed-fed,cheat,TRUE,FALSE,FALSE,FALSE,790.9,stem_add_d,cheated,8,2,2_3
feed-fed,cheat,TRUE,FALSE,FALSE,FALSE,790.9,group_trans,chet,9,2,2_4
feed-fed,feed,FALSE,TRUE,FALSE,FALSE,821.8,bare_stem,feed,10,3,3_1
feed-fed,feed,FALSE,TRUE,FALSE,FALSE,821.8,past,fed,11,3,3_2
feed-fed,feed,FALSE,TRUE,FALSE,FALSE,821.8,stem_add_d,feeded,12,3,3_3
feed-fed,feed,FALSE,TRUE,FALSE,FALSE,821.8,past_add_d,feded,13,3,3_4
feed-fed,feed,FALSE,TRUE,FALSE,FALSE,821.8,group_trans,fed,14,3,3_5
feed-fed,greet,TRUE,FALSE,FALSE,FALSE,865.5,bare_stem,greet,15,4,4_1
feed-fed,greet,TRUE,FALSE,FALSE,FALSE,865.5,past,greeted,16,4,4_2
feed-fed,greet,TRUE,FALSE,FALSE,FALSE,865.5,stem_add_d,greeted,17,4,4_3
feed-fed,greet,TRUE,FALSE,FALSE,FALSE,865.5,group_trans,gret,18,4,4_4
feed-fed,heat,TRUE,FALSE,FALSE,FALSE,809.4,bare_stem,heat,19,5,5_1
feed-fed,heat,TRUE,FALSE,FALSE,FALSE,809.4,past,heated,20,5,5_2
feed-fed,heat,TRUE,FALSE,FALSE,FALSE,809.4,stem_add_d,heated,21,5,5_3
feed-fed,heat,TRUE,FALSE,FALSE,FALSE,809.4,group_trans,het,22,5,5_4
feed-fed,meet,FALSE,TRUE,FALSE,FALSE,787.5,bare_stem,meet,23,6,6_1
feed-fed,meet,FALSE,TRUE,FALSE,FALSE,787.5,past,met,24,6,6_2
feed-fed,meet,FALSE,TRUE,FALSE,FALSE,787.5,stem_add_d,meeted,25,6,6_3
feed-fed,meet,FALSE,TRUE,FALSE,FALSE,787.5,past_add_d,metted,26,6,6_4
feed-fed,meet,FALSE,TRUE,FALSE,FALSE,787.5,group_trans,met,27,6,6_5
feed-fed,need,TRUE,FALSE,FALSE,FALSE,724.3,bare_stem,need,28,7,7_1
feed-fed,need,TRUE,FALSE,FALSE,FALSE,724.3,past,needed,29,7,7_2
feed-fed,need,TRUE,FALSE,FALSE,FALSE,724.3,stem_add_d,needed,30,7,7_3
feed-fed,need,TRUE,FALSE,FALSE,FALSE,724.3,group_trans,ned,31,7,7_4
feed-fed,plead,TRUE,FALSE,FALSE,FALSE,1094.5,bare_stem,plead,32,8,8_1
feed-fed,plead,TRUE,FALSE,FALSE,FALSE,1094.5,past,pleaded,33,8,8_2
feed-fed,plead,TRUE,FALSE,FALSE,FALSE,1094.5,stem_add_d,pleaded,34,8,8_3
feed-fed,plead,TRUE,FALSE,FALSE,FALSE,1094.5,group_trans,pled,35,8,8_4
feed-fed,precede,TRUE,FALSE,FALSE,FALSE,1084.8,bare_stem,precede,36,9,9_1
feed-fed,precede,TRUE,FALSE,FALSE,FALSE,1084.8,past,preceded,37,9,9_2
feed-fed,precede,TRUE,FALSE,FALSE,FALSE,1084.8,stem_add_d,preceded,38,9,9_3
feed-fed,precede,TRUE,FALSE,FALSE,FALSE,1084.8,group_trans,preced,39,9,9_4
feed-fed,repeat,TRUE,FALSE,FALSE,FALSE,805.2,bare_stem,repeat,40,10,10_1
feed-fed,repeat,TRUE,FALSE,FALSE,FALSE,805.2,past,repeated,41,10,10_2
feed-fed,repeat,TRUE,FALSE,FALSE,FALSE,805.2,stem_add_d,repeated,42,10,10_3
feed-fed,repeat,TRUE,FALSE,FALSE,FALSE,805.2,group_trans,repet,43,10,10_4
feed-fed,treat,TRUE,FALSE,FALSE,FALSE,767.5,bare_stem,treat,44,11,11_1
feed-fed,treat,TRUE,FALSE,FALSE,FALSE,767.5,past,treated,45,11,11_2
feed-fed,treat,TRUE,FALSE,FALSE,FALSE,767.5,stem_add_d,treated,46,11,11_3
feed-fed,treat,TRUE,FALSE,FALSE,FALSE,767.5,group_trans,tret,47,11,11_4
fly-flew,blow,FALSE,TRUE,TRUE,TRUE,730.5,bare_stem,blow,48,12,12_1
fly-flew,blow,FALSE,TRUE,TRUE,TRUE,730.5,past,blew,49,12,12_2
fly-flew,blow,FALSE,TRUE,TRUE,TRUE,730.5,stem_add_d,blowed,50,12,12_3
fly-flew,blow,FALSE,TRUE,TRUE,TRUE,730.5,past_add_d,blewed,51,12,12_4
fly-flew,blow,FALSE,TRUE,TRUE,TRUE,730.5,group_trans,blew,52,12,12_5
fly-flew,cry,TRUE,FALSE,FALSE,FALSE,700,bare_stem,cry,53,13,13_1
fly-flew,cry,TRUE,FALSE,FALSE,FALSE,700,past,cried,54,13,13_2
fly-flew,cry,TRUE,FALSE,FALSE,FALSE,700,stem_add_d,cried,55,13,13_3
fly-flew,cry,TRUE,FALSE,FALSE,FALSE,700,group_trans,crew,56,13,13_4
fly-flew,fly,FALSE,TRUE,TRUE,TRUE,676.1,bare_stem,fly,57,14,14_1
fly-flew,fly,FALSE,TRUE,TRUE,TRUE,676.1,past,flew,58,14,14_2
fly-flew,fly,FALSE,TRUE,TRUE,TRUE,676.1,stem_add_d,flied,59,14,14_3
fly-flew,fly,FALSE,TRUE,TRUE,TRUE,676.1,past_add_d,flewed,60,14,14_4
fly-flew,fly,FALSE,TRUE,TRUE,TRUE,676.1,group_trans,flew,61,14,14_5
fly-flew,follow,TRUE,FALSE,FALSE,FALSE,803.2,bare_stem,follow,62,15,15_1
fly-flew,follow,TRUE,FALSE,FALSE,FALSE,803.2,past,followed,63,15,15_2
fly-flew,follow,TRUE,FALSE,FALSE,FALSE,803.2,stem_add_d,followed,64,15,15_3
fly-flew,follow,TRUE,FALSE,FALSE,FALSE,803.2,group_trans,follew,65,15,15_4
fly-flew,grow,FALSE,TRUE,FALSE,FALSE,779.2,bare_stem,grow,66,16,16_1
fly-flew,grow,FALSE,TRUE,FALSE,FALSE,779.2,past,grew,67,16,16_2
fly-flew,grow,FALSE,TRUE,FALSE,FALSE,779.2,stem_add_d,growed,68,16,16_3
fly-flew,grow,FALSE,TRUE,FALSE,FALSE,779.2,past_add_d,grewed,69,16,16_4
fly-flew,grow,FALSE,TRUE,FALSE,FALSE,779.2,group_trans,grew,70,16,16_5
fly-flew,know,FALSE,TRUE,FALSE,FALSE,790.7,bare_stem,know,71,17,17_1
fly-flew,know,FALSE,TRUE,FALSE,FALSE,790.7,past,knew,72,17,17_2
fly-flew,know,FALSE,TRUE,FALSE,FALSE,790.7,stem_add_d,knowed,73,17,17_3
fly-flew,know,FALSE,TRUE,FALSE,FALSE,790.7,past_add_d,knewed,74,17,17_4
fly-flew,know,FALSE,TRUE,FALSE,FALSE,790.7,group_trans,knew,75,17,17_5
fly-flew,lie,TRUE,FALSE,FALSE,FALSE,720.7,bare_stem,lie,76,18,18_1
fly-flew,lie,TRUE,FALSE,FALSE,FALSE,720.7,past,lied,77,18,18_2
fly-flew,lie,TRUE,FALSE,FALSE,FALSE,720.7,stem_add_d,lied,78,18,18_3
fly-flew,lie,TRUE,FALSE,FALSE,FALSE,720.7,group_trans,lew,79,18,18_4
fly-flew,show,TRUE,FALSE,TRUE,FALSE,821.8,bare_stem,show,80,19,19_1
fly-flew,show,TRUE,FALSE,TRUE,FALSE,821.8,past,showed,81,19,19_2
fly-flew,show,TRUE,FALSE,TRUE,FALSE,821.8,stem_add_d,showed,82,19,19_3
fly-flew,show,TRUE,FALSE,TRUE,FALSE,821.8,group_trans,shew,83,19,19_4
fly-flew,snow,TRUE,FALSE,FALSE,FALSE,734,bare_stem,snow,84,20,20_1
fly-flew,snow,TRUE,FALSE,FALSE,FALSE,734,past,snowed,85,20,20_2
fly-flew,snow,TRUE,FALSE,FALSE,FALSE,734,stem_add_d,snowed,86,20,20_3
fly-flew,snow,TRUE,FALSE,FALSE,FALSE,734,group_trans,snew,87,20,20_4
fly-flew,swallow,TRUE,FALSE,FALSE,FALSE,792.4,bare_stem,swallow,88,21,21_1
fly-flew,swallow,TRUE,FALSE,FALSE,FALSE,792.4,past,swallowed,89,21,21_2
fly-flew,swallow,TRUE,FALSE,FALSE,FALSE,792.4,stem_add_d,swallowed,90,21,21_3
fly-flew,swallow,TRUE,FALSE,FALSE,FALSE,792.4,group_trans,swallew,91,21,21_4
fly-flew,throw,FALSE,TRUE,FALSE,FALSE,730.5,bare_stem,throw,92,22,22_1
fly-flew,throw,FALSE,TRUE,FALSE,FALSE,730.5,past,threw,93,22,22_2
fly-flew,throw,FALSE,TRUE,FALSE,FALSE,730.5,stem_add_d,throwed,94,22,22_3
fly-flew,throw,FALSE,TRUE,FALSE,FALSE,730.5,past_add_d,threwed,95,22,22_4
fly-flew,throw,FALSE,TRUE,FALSE,FALSE,730.5,group_trans,threw,96,22,22_5
fly-flew,try,TRUE,FALSE,FALSE,FALSE,710.7,bare_stem,try,97,23,23_1
fly-flew,try,TRUE,FALSE,FALSE,FALSE,710.7,past,tried,98,23,23_2
fly-flew,try,TRUE,FALSE,FALSE,FALSE,710.7,stem_add_d,tried,99,23,23_3
fly-flew,try,TRUE,FALSE,FALSE,FALSE,710.7,group_trans,trew,100,23,23_4
general,bump,TRUE,FALSE,TRUE,FALSE,791.4,bare_stem,bump,101,24,24_1
general,bump,TRUE,FALSE,TRUE,FALSE,791.4,past,bumped,102,24,24_2
general,bump,TRUE,FALSE,TRUE,FALSE,791.4,stem_add_d,bumped,103,24,24_3
general,carry,TRUE,FALSE,TRUE,FALSE,760.9,bare_stem,carry,104,25,25_1
general,carry,TRUE,FALSE,TRUE,FALSE,760.9,past,carried,105,25,25_2
general,carry,TRUE,FALSE,TRUE,FALSE,760.9,stem_add_d,carried,106,25,25_3
general,chase,TRUE,FALSE,TRUE,FALSE,852.2,bare_stem,chase,107,26,26_1
general,chase,TRUE,FALSE,TRUE,FALSE,852.2,past,chased,108,26,26_2
general,chase,TRUE,FALSE,TRUE,FALSE,852.2,stem_add_d,chased,109,26,26_3
general,clap,TRUE,FALSE,TRUE,FALSE,730.5,bare_stem,clap,110,27,27_1
general,clap,TRUE,FALSE,TRUE,FALSE,730.5,past,clapped,111,27,27_2
general,clap,TRUE,FALSE,TRUE,FALSE,730.5,stem_add_d,clapped,112,27,27_3
general,clean,TRUE,FALSE,TRUE,FALSE,730.5,bare_stem,clean,113,28,28_1
general,clean,TRUE,FALSE,TRUE,FALSE,730.5,past,cleaned,114,28,28_2
general,clean,TRUE,FALSE,TRUE,FALSE,730.5,stem_add_d,cleaned,115,28,28_3
general,climb,TRUE,FALSE,TRUE,FALSE,791.4,bare_stem,climb,116,29,29_1
general,climb,TRUE,FALSE,TRUE,FALSE,791.4,past,climbed,117,29,29_2
general,climb,TRUE,FALSE,TRUE,FALSE,791.4,stem_add_d,climbed,118,29,29_3
general,close,TRUE,FALSE,TRUE,FALSE,730.5,bare_stem,close,119,30,30_1
general,close,TRUE,FALSE,TRUE,FALSE,730.5,past,closed,120,30,30_2
general,close,TRUE,FALSE,TRUE,FALSE,730.5,stem_add_d,closed,121,30,30_3
general,cook,TRUE,FALSE,TRUE,FALSE,760.9,bare_stem,cook,122,31,31_1
general,cook,TRUE,FALSE,TRUE,FALSE,760.9,past,cooked,123,31,31_2
general,cook,TRUE,FALSE,TRUE,FALSE,760.9,stem_add_d,cooked,124,31,31_3
general,cover,TRUE,FALSE,TRUE,FALSE,852.2,bare_stem,cover,125,32,32_1
general,cover,TRUE,FALSE,TRUE,FALSE,852.2,past,covered,126,32,32_2
general,cover,TRUE,FALSE,TRUE,FALSE,852.2,stem_add_d,covered,127,32,32_3
general,dance,TRUE,FALSE,TRUE,FALSE,700,bare_stem,dance,128,33,33_1
general,dance,TRUE,FALSE,TRUE,FALSE,700,past,danced,129,33,33_2
general,dance,TRUE,FALSE,TRUE,FALSE,700,stem_add_d,danced,130,33,33_3
general,drop,TRUE,FALSE,TRUE,FALSE,791.4,bare_stem,drop,131,34,34_1
general,drop,TRUE,FALSE,TRUE,FALSE,791.4,past,dropped,132,34,34_2
general,drop,TRUE,FALSE,TRUE,FALSE,791.4,stem_add_d,dropped,133,34,34_3
general,dry,TRUE,FALSE,TRUE,FALSE,791.4,bare_stem,dry,134,35,35_1
general,dry,TRUE,FALSE,TRUE,FALSE,791.4,past,dried,135,35,35_2
general,dry,TRUE,FALSE,TRUE,FALSE,791.4,stem_add_d,dried,136,35,35_3
general,dump,TRUE,FALSE,TRUE,FALSE,882.7,bare_stem,dump,137,36,36_1
general,dump,TRUE,FALSE,TRUE,FALSE,882.7,past,dumped,138,36,36_2
general,dump,TRUE,FALSE,TRUE,FALSE,882.7,stem_add_d,dumped,139,36,36_3
general,finish,TRUE,FALSE,TRUE,FALSE,852.2,bare_stem,finish,140,37,37_1
general,finish,TRUE,FALSE,TRUE,FALSE,852.2,past,finished,141,37,37_2
general,finish,TRUE,FALSE,TRUE,FALSE,852.2,stem_add_d,finished,142,37,37_3
general,fix,TRUE,FALSE,TRUE,FALSE,760.9,bare_stem,fix,143,38,38_1
general,fix,TRUE,FALSE,TRUE,FALSE,760.9,past,fixed,144,38,38_2
general,fix,TRUE,FALSE,TRUE,FALSE,760.9,stem_add_d,fixed,145,38,38_3
general,hate,TRUE,FALSE,TRUE,FALSE,832.2,bare_stem,hate,146,39,39_1
general,hate,TRUE,FALSE,TRUE,FALSE,832.2,past,hated,147,39,39_2
general,hate,TRUE,FALSE,TRUE,FALSE,832.2,stem_add_d,hated,148,39,39_3
general,help,TRUE,FALSE,TRUE,FALSE,700,bare_stem,help,149,40,40_1
general,help,TRUE,FALSE,TRUE,FALSE,700,past,helped,150,40,40_2
general,help,TRUE,FALSE,TRUE,FALSE,700,stem_add_d,helped,151,40,40_3
general,hug,TRUE,FALSE,TRUE,FALSE,669.6,bare_stem,hug,152,41,41_1
general,hug,TRUE,FALSE,TRUE,FALSE,669.6,past,hugged,153,41,41_2
general,hug,TRUE,FALSE,TRUE,FALSE,669.6,stem_add_d,hugged,154,41,41_3
general,hurry,TRUE,FALSE,TRUE,FALSE,821.8,bare_stem,hurry,155,42,42_1
general,hurry,TRUE,FALSE,TRUE,FALSE,821.8,past,hurried,156,42,42_2
general,hurry,TRUE,FALSE,TRUE,FALSE,821.8,stem_add_d,hurried,157,42,42_3
general,jump,TRUE,FALSE,TRUE,FALSE,700,bare_stem,jump,158,43,43_1
general,jump,TRUE,FALSE,TRUE,FALSE,700,past,jumped,159,43,43_2
general,jump,TRUE,FALSE,TRUE,FALSE,700,stem_add_d,jumped,160,43,43_3
general,kick,TRUE,FALSE,TRUE,FALSE,730.5,bare_stem,kick,161,44,44_1
general,kick,TRUE,FALSE,TRUE,FALSE,730.5,past,kicked,162,44,44_2
general,kick,TRUE,FALSE,TRUE,FALSE,730.5,stem_add_d,kicked,163,44,44_3
general,kiss,TRUE,FALSE,TRUE,FALSE,639.2,bare_stem,kiss,164,45,45_1
general,kiss,TRUE,FALSE,TRUE,FALSE,639.2,past,kissed,165,45,45_2
general,kiss,TRUE,FALSE,TRUE,FALSE,639.2,stem_add_d,kissed,166,45,45_3
general,knock,TRUE,FALSE,TRUE,FALSE,791.4,bare_stem,knock,167,46,46_1
general,knock,TRUE,FALSE,TRUE,FALSE,791.4,past,knocked,168,46,46_2
general,knock,TRUE,FALSE,TRUE,FALSE,791.4,stem_add_d,knocked,169,46,46_3
general,lick,TRUE,FALSE,TRUE,FALSE,821.8,bare_stem,lick,170,47,47_1
general,lick,TRUE,FALSE,TRUE,FALSE,821.8,past,licked,171,47,47_2
general,lick,TRUE,FALSE,TRUE,FALSE,821.8,stem_add_d,licked,172,47,47_3
general,like,TRUE,FALSE,TRUE,FALSE,791.4,bare_stem,like,173,48,48_1
general,like,TRUE,FALSE,TRUE,FALSE,791.4,past,liked,174,48,48_2
general,like,TRUE,FALSE,TRUE,FALSE,791.4,stem_add_d,liked,175,48,48_3
general,listen,TRUE,FALSE,TRUE,FALSE,852.2,bare_stem,listen,176,49,49_1
general,listen,TRUE,FALSE,TRUE,FALSE,852.2,past,listened,177,49,49_2
general,listen,TRUE,FALSE,TRUE,FALSE,852.2,stem_add_d,listened,178,49,49_3
general,look,TRUE,FALSE,TRUE,FALSE,730.5,bare_stem,look,179,50,50_1
general,look,TRUE,FALSE,TRUE,FALSE,730.5,past,looked,180,50,50_2
general,look,TRUE,FALSE,TRUE,FALSE,730.5,stem_add_d,looked,181,50,50_3
general,love,TRUE,FALSE,TRUE,FALSE,700,bare_stem,love,182,51,51_1
general,love,TRUE,FALSE,TRUE,FALSE,700,past,loved,183,51,51_2
general,love,TRUE,FALSE,TRUE,FALSE,700,stem_add_d,loved,184,51,51_3
general,open,TRUE,FALSE,TRUE,FALSE,669.6,bare_stem,open,185,52,52_1
general,open,TRUE,FALSE,TRUE,FALSE,669.6,past,opened,186,52,52_2
general,open,TRUE,FALSE,TRUE,FALSE,669.6,stem_add_d,opened,187,52,52_3
general,paint,TRUE,FALSE,TRUE,FALSE,791.4,bare_stem,paint,188,53,53_1
general,paint,TRUE,FALSE,TRUE,FALSE,791.4,past,painted,189,53,53_2
general,paint,TRUE,FALSE,TRUE,FALSE,791.4,stem_add_d,painted,190,53,53_3
general,pick,TRUE,FALSE,TRUE,FALSE,852.2,bare_stem,pick,191,54,54_1
general,pick,TRUE,FALSE,TRUE,FALSE,852.2,past,picked,192,54,54_2
general,pick,TRUE,FALSE,TRUE,FALSE,852.2,stem_add_d,picked,193,54,54_3
general,play,TRUE,FALSE,TRUE,FALSE,700,bare_stem,play,194,55,55_1
general,play,TRUE,FALSE,TRUE,FALSE,700,past,played,195,55,55_2
general,play,TRUE,FALSE,TRUE,FALSE,700,stem_add_d,played,196,55,55_3
general,pour,TRUE,FALSE,TRUE,FALSE,852.2,bare_stem,pour,197,56,56_1
general,pour,TRUE,FALSE,TRUE,FALSE,852.2,past,poured,198,56,56_2
general,pour,TRUE,FALSE,TRUE,FALSE,852.2,stem_add_d,poured,199,56,56_3
general,pretend,TRUE,FALSE,TRUE,FALSE,913.1,bare_stem,pretend,200,57,57_1
general,pretend,TRUE,FALSE,TRUE,FALSE,913.1,past,pretended,201,57,57_2
general,pretend,TRUE,FALSE,TRUE,FALSE,913.1,stem_add_d,pretended,202,57,57_3
general,pull,TRUE,FALSE,TRUE,FALSE,791.4,bare_stem,pull,203,58,58_1
general,pull,TRUE,FALSE,TRUE,FALSE,791.4,past,pulled,204,58,58_2
general,pull,TRUE,FALSE,TRUE,FALSE,791.4,stem_add_d,pulled,205,58,58_3
general,push,TRUE,FALSE,TRUE,FALSE,760.9,bare_stem,push,206,59,59_1
general,push,TRUE,FALSE,TRUE,FALSE,760.9,past,pushed,207,59,59_2
general,push,TRUE,FALSE,TRUE,FALSE,760.9,stem_add_d,pushed,208,59,59_3
general,rip,TRUE,FALSE,TRUE,FALSE,913.1,bare_stem,rip,209,60,60_1
general,rip,TRUE,FALSE,TRUE,FALSE,913.1,past,ripped,210,60,60_2
general,rip,TRUE,FALSE,TRUE,FALSE,913.1,stem_add_d,ripped,211,60,60_3
general,say,TRUE,FALSE,TRUE,FALSE,821.8,bare_stem,say,212,61,61_1
general,say,TRUE,FALSE,TRUE,FALSE,821.8,past,said,213,61,61_2
general,say,TRUE,FALSE,TRUE,FALSE,821.8,stem_add_d,said,214,61,61_3
general,share,TRUE,FALSE,TRUE,FALSE,791.4,bare_stem,share,215,62,62_1
general,share,TRUE,FALSE,TRUE,FALSE,791.4,past,shared,216,62,62_2
general,share,TRUE,FALSE,TRUE,FALSE,791.4,stem_add_d,shared,217,62,62_3
general,skate,TRUE,FALSE,TRUE,FALSE,913.1,bare_stem,skate,218,63,63_1
general,skate,TRUE,FALSE,TRUE,FALSE,913.1,past,skated,219,63,63_2
general,skate,TRUE,FALSE,TRUE,FALSE,913.1,stem_add_d,skated,220,63,63_3
general,smile,TRUE,FALSE,TRUE,FALSE,821.8,bare_stem,smile,221,64,64_1
general,smile,TRUE,FALSE,TRUE,FALSE,821.8,past,smiled,222,64,64_2
general,smile,TRUE,FALSE,TRUE,FALSE,821.8,stem_add_d,smiled,223,64,64_3
general,spill,TRUE,FALSE,TRUE,FALSE,791.4,bare_stem,spill,224,65,65_1
general,spill,TRUE,FALSE,TRUE,FALSE,791.4,past,spilled,225,65,65_2
general,spill,TRUE,FALSE,TRUE,FALSE,791.4,stem_add_d,spilled,226,65,65_3
general,splash,TRUE,FALSE,TRUE,FALSE,760.9,bare_stem,splash,227,66,66_1
general,splash,TRUE,FALSE,TRUE,FALSE,760.9,past,splashed,228,66,66_2
general,splash,TRUE,FALSE,TRUE,FALSE,760.9,stem_add_d,splashed,229,66,66_3
general,stay,TRUE,FALSE,TRUE,FALSE,791.4,bare_stem,stay,230,67,67_1
general,stay,TRUE,FALSE,TRUE,FALSE,791.4,past,stayed,231,67,67_2
general,stay,TRUE,FALSE,TRUE,FALSE,791.4,stem_add_d,stayed,232,67,67_3
general,stop,TRUE,FALSE,TRUE,FALSE,700,bare_stem,stop,233,68,68_1
general,stop,TRUE,FALSE,TRUE,FALSE,700,past,stopped,234,68,68_2
general,stop,TRUE,FALSE,TRUE,FALSE,700,stem_add_d,stopped,235,68,68_3
general,talk,TRUE,FALSE,TRUE,FALSE,791.4,bare_stem,talk,236,69,69_1
general,talk,TRUE,FALSE,TRUE,FALSE,791.4,past,talked,237,69,69_2
general,talk,TRUE,FALSE,TRUE,FALSE,791.4,stem_add_d,talked,238,69,69_3
general,taste,TRUE,FALSE,TRUE,FALSE,852.2,bare_stem,taste,239,70,70_1
general,taste,TRUE,FALSE,TRUE,FALSE,852.2,past,tasted,240,70,70_2
general,taste,TRUE,FALSE,TRUE,FALSE,852.2,stem_add_d,tasted,241,70,70_3
general,tickle,TRUE,FALSE,TRUE,FALSE,700,bare_stem,tickle,242,71,71_1
general,tickle,TRUE,FALSE,TRUE,FALSE,700,past,tickled,243,71,71_2
general,tickle,TRUE,FALSE,TRUE,FALSE,700,stem_add_d,tickled,244,71,71_3
general,touch,TRUE,FALSE,TRUE,FALSE,791.4,bare_stem,touch,245,72,72_1
general,touch,TRUE,FALSE,TRUE,FALSE,791.4,past,touched,246,72,72_2
general,touch,TRUE,FALSE,TRUE,FALSE,791.4,stem_add_d,touched,247,72,72_3
general,wait,TRUE,FALSE,TRUE,FALSE,791.4,bare_stem,wait,248,73,73_1
general,wait,TRUE,FALSE,TRUE,FALSE,791.4,past,waited,249,73,73_2
general,wait,TRUE,FALSE,TRUE,FALSE,791.4,stem_add_d,waited,250,73,73_3
general,walk,TRUE,FALSE,TRUE,FALSE,700,bare_stem,walk,251,74,74_1
general,walk,TRUE,FALSE,TRUE,FALSE,700,past,walked,252,74,74_2
general,walk,TRUE,FALSE,TRUE,FALSE,700,stem_add_d,walked,253,74,74_3
general,wash,TRUE,FALSE,TRUE,FALSE,730.5,bare_stem,wash,254,75,75_1
general,wash,TRUE,FALSE,TRUE,FALSE,730.5,past,washed,255,75,75_2
general,wash,TRUE,FALSE,TRUE,FALSE,730.5,stem_add_d,washed,256,75,75_3
general,watch,TRUE,FALSE,TRUE,FALSE,791.4,bare_stem,watch,257,76,76_1
general,watch,TRUE,FALSE,TRUE,FALSE,791.4,past,watched,258,76,76_2
general,watch,TRUE,FALSE,TRUE,FALSE,791.4,stem_add_d,watched,259,76,76_3
general,wipe,TRUE,FALSE,TRUE,FALSE,791.4,bare_stem,wipe,260,77,77_1
general,wipe,TRUE,FALSE,TRUE,FALSE,791.4,past,wiped,261,77,77_2
general,wipe,TRUE,FALSE,TRUE,FALSE,791.4,stem_add_d,wiped,262,77,77_3
general,wish,TRUE,FALSE,TRUE,FALSE,727.4,bare_stem,wish,263,78,78_1
general,wish,TRUE,FALSE,TRUE,FALSE,727.4,past,wished,264,78,78_2
general,wish,TRUE,FALSE,TRUE,FALSE,727.4,stem_add_d,wished,265,78,78_3
general,work,TRUE,FALSE,TRUE,FALSE,760.9,bare_stem,work,266,79,79_1
general,work,TRUE,FALSE,TRUE,FALSE,760.9,past,worked,267,79,79_2
general,work,TRUE,FALSE,TRUE,FALSE,760.9,stem_add_d,worked,268,79,79_3
sing-sang,bring,FALSE,FALSE,TRUE,TRUE,821.8,bare_stem,bring,269,80,80_1
sing-sang,bring,FALSE,FALSE,TRUE,TRUE,821.8,past,brought,270,80,80_2
sing-sang,bring,FALSE,FALSE,TRUE,TRUE,821.8,stem_add_d,bringed,271,80,80_3
sing-sang,bring,FALSE,FALSE,TRUE,TRUE,821.8,past_add_d,broughted,272,80,80_4
sing-sang,bring,FALSE,FALSE,TRUE,TRUE,821.8,group_trans,brang,273,80,80_5
sing-sang,fling,TRUE,FALSE,FALSE,FALSE,1013.2,bare_stem,fling,274,81,81_1
sing-sang,fling,TRUE,FALSE,FALSE,FALSE,1013.2,past,flinged,275,81,81_2
sing-sang,fling,TRUE,FALSE,FALSE,FALSE,1013.2,stem_add_d,flinged,276,81,81_3
sing-sang,fling,TRUE,FALSE,FALSE,FALSE,1013.2,group_trans,flang,277,81,81_4
sing-sang,ring,FALSE,TRUE,FALSE,FALSE,766.3,bare_stem,ring,278,82,82_1
sing-sang,ring,FALSE,TRUE,FALSE,FALSE,766.3,past,rang,279,82,82_2
sing-sang,ring,FALSE,TRUE,FALSE,FALSE,766.3,stem_add_d,ringed,280,82,82_3
sing-sang,ring,FALSE,TRUE,FALSE,FALSE,766.3,past_add_d,ranged,281,82,82_4
sing-sang,ring,FALSE,TRUE,FALSE,FALSE,766.3,group_trans,rang,282,82,82_5
sing-sang,sing,FALSE,TRUE,FALSE,FALSE,730.5,bare_stem,sing,283,83,83_1
sing-sang,sing,FALSE,TRUE,FALSE,FALSE,730.5,past,sang,284,83,83_2
sing-sang,sing,FALSE,TRUE,FALSE,FALSE,730.5,stem_add_d,singed,285,83,83_3
sing-sang,sing,FALSE,TRUE,FALSE,FALSE,730.5,past_add_d,sanged,286,83,83_4
sing-sang,sing,FALSE,TRUE,FALSE,FALSE,730.5,group_trans,sang,287,83,83_5
sing-sang,spring,FALSE,TRUE,FALSE,FALSE,818.1,bare_stem,spring,288,84,84_1
sing-sang,spring,FALSE,TRUE,FALSE,FALSE,818.1,past,sprang,289,84,84_2
sing-sang,spring,FALSE,TRUE,FALSE,FALSE,818.1,stem_add_d,springed,290,84,84_3
sing-sang,spring,FALSE,TRUE,FALSE,FALSE,818.1,past_add_d,springed,291,84,84_4
sing-sang,spring,FALSE,TRUE,FALSE,FALSE,818.1,group_trans,sprang,292,84,84_5
sing-sang,sting,TRUE,FALSE,FALSE,FALSE,851.6,bare_stem,sting,293,85,85_1
sing-sang,sting,TRUE,FALSE,FALSE,FALSE,851.6,past,stinged,294,85,85_2
sing-sang,sting,TRUE,FALSE,FALSE,FALSE,851.6,stem_add_d,stinged,295,85,85_3
sing-sang,sting,TRUE,FALSE,FALSE,FALSE,851.6,group_trans,stang,296,85,85_4
sing-sang,swing,FALSE,FALSE,TRUE,FALSE,700,bare_stem,swing,297,86,86_1
sing-sang,swing,FALSE,FALSE,TRUE,FALSE,700,past,swung,298,86,86_2
sing-sang,swing,FALSE,FALSE,TRUE,FALSE,700,stem_add_d,swinged,299,86,86_3
sing-sang,swing,FALSE,FALSE,TRUE,FALSE,700,past_add_d,swunged,300,86,86_4
sing-sang,swing,FALSE,FALSE,TRUE,FALSE,700,group_trans,swang,301,86,86_5
sing-sang,wing,TRUE,FALSE,FALSE,FALSE,772.4,bare_stem,wing,302,87,87_1
sing-sang,wing,TRUE,FALSE,FALSE,FALSE,772.4,past,winged,303,87,87_2
sing-sang,wing,TRUE,FALSE,FALSE,FALSE,772.4,stem_add_d,winged,304,87,87_3
sing-sang,wing,TRUE,FALSE,FALSE,FALSE,772.4,group_trans,wang,305,87,87_4
singleton,bite,FALSE,TRUE,TRUE,FALSE,669.6,bare_stem,bite,306,88,88_1
singleton,bite,FALSE,TRUE,TRUE,FALSE,669.6,past,bit,307,88,88_2
singleton,bite,FALSE,TRUE,TRUE,FALSE,669.6,stem_add_d,bited,308,88,88_3
singleton,bite,FALSE,TRUE,TRUE,FALSE,669.6,past_add_d,bited,309,88,88_4
singleton,bite,FALSE,TRUE,TRUE,FALSE,669.6,group_trans,bit,310,88,88_5
singleton,break,FALSE,TRUE,TRUE,TRUE,760.9,bare_stem,break,311,89,89_1
singleton,break,FALSE,TRUE,TRUE,TRUE,760.9,past,broke,312,89,89_2
singleton,break,FALSE,TRUE,TRUE,TRUE,760.9,stem_add_d,breaked,313,89,89_3
singleton,break,FALSE,TRUE,TRUE,TRUE,760.9,past_add_d,broked,314,89,89_4
singleton,break,FALSE,TRUE,TRUE,TRUE,760.9,group_trans,broke,315,89,89_5
singleton,build,FALSE,TRUE,TRUE,FALSE,821.8,bare_stem,build,316,90,90_1
singleton,build,FALSE,TRUE,TRUE,FALSE,821.8,past,built,317,90,90_2
singleton,build,FALSE,TRUE,TRUE,FALSE,821.8,stem_add_d,builded,318,90,90_3
singleton,build,FALSE,TRUE,TRUE,FALSE,821.8,past_add_d,builted,319,90,90_4
singleton,build,FALSE,TRUE,TRUE,FALSE,821.8,group_trans,built,320,90,90_5
singleton,buy,FALSE,TRUE,TRUE,TRUE,821.8,bare_stem,buy,321,91,91_1
singleton,buy,FALSE,TRUE,TRUE,TRUE,821.8,past,bought,322,91,91_2
singleton,buy,FALSE,TRUE,TRUE,TRUE,821.8,stem_add_d,buyed,323,91,91_3
singleton,buy,FALSE,TRUE,TRUE,TRUE,821.8,past_add_d,boughted,324,91,91_4
singleton,buy,FALSE,TRUE,TRUE,TRUE,821.8,group_trans,bought,325,91,91_5
singleton,catch,FALSE,TRUE,TRUE,FALSE,760.9,bare_stem,catch,326,92,92_1
singleton,catch,FALSE,TRUE,TRUE,FALSE,760.9,past,caught,327,92,92_2
singleton,catch,FALSE,TRUE,TRUE,FALSE,760.9,stem_add_d,catched,328,92,92_3
singleton,catch,FALSE,TRUE,TRUE,FALSE,760.9,past_add_d,caughted,329,92,92_4
singleton,catch,FALSE,TRUE,TRUE,FALSE,760.9,group_trans,caught,330,92,92_5
singleton,come,FALSE,TRUE,FALSE,TRUE,715.4,bare_stem,come,331,93,93_1
singleton,come,FALSE,TRUE,FALSE,TRUE,715.4,past,came,332,93,93_2
singleton,come,FALSE,TRUE,FALSE,TRUE,715.4,stem_add_d,comed,333,93,93_3
singleton,come,FALSE,TRUE,FALSE,TRUE,715.4,past_add_d,camed,334,93,93_4
singleton,come,FALSE,TRUE,FALSE,TRUE,715.4,group_trans,came,335,93,93_5
singleton,cut,FALSE,TRUE,TRUE,FALSE,791.4,bare_stem,cut,336,94,94_1
singleton,cut,FALSE,TRUE,TRUE,FALSE,791.4,past,cut,337,94,94_2
singleton,cut,FALSE,TRUE,TRUE,FALSE,791.4,stem_add_d,cutted,338,94,94_3
singleton,cut,FALSE,TRUE,TRUE,FALSE,791.4,past_add_d,cutted,339,94,94_4
singleton,cut,FALSE,TRUE,TRUE,FALSE,791.4,group_trans,cut,340,94,94_5
singleton,do,FALSE,TRUE,TRUE,TRUE,736.6,bare_stem,do,341,95,95_1
singleton,do,FALSE,TRUE,TRUE,TRUE,736.6,past,did,342,95,95_2
singleton,do,FALSE,TRUE,TRUE,TRUE,736.6,stem_add_d,doed,343,95,95_3
singleton,do,FALSE,TRUE,TRUE,TRUE,736.6,past_add_d,dided,344,95,95_4
singleton,do,FALSE,TRUE,TRUE,TRUE,736.6,group_trans,did,345,95,95_5
singleton,draw,FALSE,TRUE,TRUE,FALSE,760.9,bare_stem,draw,346,96,96_1
singleton,draw,FALSE,TRUE,TRUE,FALSE,760.9,past,drew,347,96,96_2
singleton,draw,FALSE,TRUE,TRUE,FALSE,760.9,stem_add_d,drawed,348,96,96_3
singleton,draw,FALSE,TRUE,TRUE,FALSE,760.9,past_add_d,drewed,349,96,96_4
singleton,draw,FALSE,TRUE,TRUE,FALSE,760.9,group_trans,drew,350,96,96_5
singleton,drink,FALSE,TRUE,TRUE,TRUE,639.2,bare_stem,drink,351,97,97_1
singleton,drink,FALSE,TRUE,TRUE,TRUE,639.2,past,drank,352,97,97_2
singleton,drink,FALSE,TRUE,TRUE,TRUE,639.2,stem_add_d,drinked,353,97,97_3
singleton,drink,FALSE,TRUE,TRUE,TRUE,639.2,past_add_d,dranked,354,97,97_4
singleton,drink,FALSE,TRUE,TRUE,TRUE,639.2,group_trans,drank,355,97,97_5
singleton,drive,FALSE,TRUE,TRUE,TRUE,760.9,bare_stem,drive,356,98,98_1
singleton,drive,FALSE,TRUE,TRUE,TRUE,760.9,past,drove,357,98,98_2
singleton,drive,FALSE,TRUE,TRUE,TRUE,760.9,stem_add_d,drived,358,98,98_3
singleton,drive,FALSE,TRUE,TRUE,TRUE,760.9,past_add_d,droved,359,98,98_4
singleton,drive,FALSE,TRUE,TRUE,TRUE,760.9,group_trans,drove,360,98,98_5
singleton,eat,FALSE,TRUE,TRUE,TRUE,608.7,bare_stem,eat,361,99,99_1
singleton,eat,FALSE,TRUE,TRUE,TRUE,608.7,past,ate,362,99,99_2
singleton,eat,FALSE,TRUE,TRUE,TRUE,608.7,stem_add_d,eated,363,99,99_3
singleton,eat,FALSE,TRUE,TRUE,TRUE,608.7,past_add_d,ated,364,99,99_4
singleton,eat,FALSE,TRUE,TRUE,TRUE,608.7,group_trans,ate,365,99,99_5
singleton,fall,FALSE,TRUE,TRUE,TRUE,700,bare_stem,fall,366,100,100_1
singleton,fall,FALSE,TRUE,TRUE,TRUE,700,past,fell,367,100,100_2
singleton,fall,FALSE,TRUE,TRUE,TRUE,700,stem_add_d,falled,368,100,100_3
singleton,fall,FALSE,TRUE,TRUE,TRUE,700,past_add_d,felled,369,100,100_4
singleton,fall,FALSE,TRUE,TRUE,TRUE,700,group_trans,fell,370,100,100_5
singleton,find,FALSE,TRUE,TRUE,FALSE,791.4,bare_stem,find,371,101,101_1
singleton,find,FALSE,TRUE,TRUE,FALSE,791.4,past,found,372,101,101_2
singleton,find,FALSE,TRUE,TRUE,FALSE,791.4,stem_add_d,finded,373,101,101_3
singleton,find,FALSE,TRUE,TRUE,FALSE,791.4,past_add_d,founded,374,101,101_4
singleton,find,FALSE,TRUE,TRUE,FALSE,791.4,group_trans,found,375,101,101_5
singleton,fit,FALSE,TRUE,TRUE,FALSE,852.2,bare_stem,fit,376,102,102_1
singleton,fit,FALSE,TRUE,TRUE,FALSE,852.2,past,fit,377,102,102_2
singleton,fit,FALSE,TRUE,TRUE,FALSE,852.2,stem_add_d,fitted,378,102,102_3
singleton,fit,FALSE,TRUE,TRUE,FALSE,852.2,past_add_d,fitted,379,102,102_4
singleton,fit,FALSE,TRUE,TRUE,FALSE,852.2,group_trans,fit,380,102,102_5
singleton,get,FALSE,TRUE,TRUE,TRUE,730.5,bare_stem,get,381,103,103_1
singleton,get,FALSE,TRUE,TRUE,TRUE,730.5,past,got,382,103,103_2
singleton,get,FALSE,TRUE,TRUE,TRUE,730.5,stem_add_d,getted,383,103,103_3
singleton,get,FALSE,TRUE,TRUE,TRUE,730.5,past_add_d,gotted,384,103,103_4
singleton,get,FALSE,TRUE,TRUE,TRUE,730.5,group_trans,got,385,103,103_5
singleton,give,FALSE,TRUE,TRUE,FALSE,791.4,bare_stem,give,386,104,104_1
singleton,give,FALSE,TRUE,TRUE,FALSE,791.4,past,gave,387,104,104_2
singleton,give,FALSE,TRUE,TRUE,FALSE,791.4,stem_add_d,gived,388,104,104_3
singleton,give,FALSE,TRUE,TRUE,FALSE,791.4,past_add_d,gaved,389,104,104_4
singleton,give,FALSE,TRUE,TRUE,FALSE,791.4,group_trans,gave,390,104,104_5
singleton,go,FALSE,TRUE,TRUE,TRUE,608.7,bare_stem,go,391,105,105_1
singleton,go,FALSE,TRUE,TRUE,TRUE,608.7,past,went,392,105,105_2
singleton,go,FALSE,TRUE,TRUE,TRUE,608.7,stem_add_d,goed,393,105,105_3
singleton,go,FALSE,TRUE,TRUE,TRUE,608.7,past_add_d,wented,394,105,105_4
singleton,go,FALSE,TRUE,TRUE,TRUE,608.7,group_trans,went,395,105,105_5
singleton,have,FALSE,TRUE,TRUE,TRUE,791.4,bare_stem,have,396,106,106_1
singleton,have,FALSE,TRUE,TRUE,TRUE,791.4,past,had,397,106,106_2
singleton,have,FALSE,TRUE,TRUE,TRUE,791.4,stem_add_d,haved,398,106,106_3
singleton,have,FALSE,TRUE,TRUE,TRUE,791.4,past_add_d,haded,399,106,106_4
singleton,have,FALSE,TRUE,TRUE,TRUE,791.4,group_trans,had,400,106,106_5
singleton,hear,FALSE,TRUE,TRUE,TRUE,821.8,bare_stem,hear,401,107,107_1
singleton,hear,FALSE,TRUE,TRUE,TRUE,821.8,past,heard,402,107,107_2
singleton,hear,FALSE,TRUE,TRUE,TRUE,821.8,stem_add_d,heared,403,107,107_3
singleton,hear,FALSE,TRUE,TRUE,TRUE,821.8,past_add_d,hearded,404,107,107_4
singleton,hear,FALSE,TRUE,TRUE,TRUE,821.8,group_trans,heard,405,107,107_5
singleton,hide,FALSE,TRUE,TRUE,FALSE,760.9,bare_stem,hide,406,108,108_1
singleton,hide,FALSE,TRUE,TRUE,FALSE,760.9,past,hid,407,108,108_2
singleton,hide,FALSE,TRUE,TRUE,FALSE,760.9,stem_add_d,hided,408,108,108_3
singleton,hide,FALSE,TRUE,TRUE,FALSE,760.9,past_add_d,hidded,409,108,108_4
singleton,hide,FALSE,TRUE,TRUE,FALSE,760.9,group_trans,hid,410,108,108_5
singleton,hit,FALSE,TRUE,TRUE,FALSE,730.5,bare_stem,hit,411,109,109_1
singleton,hit,FALSE,TRUE,TRUE,FALSE,730.5,past,hit,412,109,109_2
singleton,hit,FALSE,TRUE,TRUE,FALSE,730.5,stem_add_d,hitted,413,109,109_3
singleton,hit,FALSE,TRUE,TRUE,FALSE,730.5,past_add_d,hitted,414,109,109_4
singleton,hit,FALSE,TRUE,TRUE,FALSE,730.5,group_trans,hit,415,109,109_5
singleton,hold,FALSE,TRUE,TRUE,TRUE,760.9,bare_stem,hold,416,110,110_1
singleton,hold,FALSE,TRUE,TRUE,TRUE,760.9,past,held,417,110,110_2
singleton,hold,FALSE,TRUE,TRUE,TRUE,760.9,stem_add_d,holded,418,110,110_3
singleton,hold,FALSE,TRUE,TRUE,TRUE,760.9,past_add_d,helded,419,110,110_4
singleton,hold,FALSE,TRUE,TRUE,TRUE,760.9,group_trans,held,420,110,110_5
singleton,lose,FALSE,TRUE,TRUE,TRUE,845.6,bare_stem,lose,421,111,111_1
singleton,lose,FALSE,TRUE,TRUE,TRUE,845.6,past,lost,422,111,111_2
singleton,lose,FALSE,TRUE,TRUE,TRUE,845.6,stem_add_d,losed,423,111,111_3
singleton,lose,FALSE,TRUE,TRUE,TRUE,845.6,past_add_d,losted,424,111,111_4
singleton,lose,FALSE,TRUE,TRUE,TRUE,845.6,group_trans,lost,425,111,111_5
singleton,make,FALSE,TRUE,TRUE,TRUE,791.4,bare_stem,make,426,112,112_1
singleton,make,FALSE,TRUE,TRUE,TRUE,791.4,past,made,427,112,112_2
singleton,make,FALSE,TRUE,TRUE,TRUE,791.4,stem_add_d,maked,428,112,112_3
singleton,make,FALSE,TRUE,TRUE,TRUE,791.4,past_add_d,maded,429,112,112_4
singleton,make,FALSE,TRUE,TRUE,TRUE,791.4,group_trans,made,430,112,112_5
singleton,put,FALSE,TRUE,TRUE,FALSE,821.8,bare_stem,put,431,113,113_1
singleton,put,FALSE,TRUE,TRUE,FALSE,821.8,past,put,432,113,113_2
singleton,put,FALSE,TRUE,TRUE,FALSE,821.8,stem_add_d,putted,433,113,113_3
singleton,put,FALSE,TRUE,TRUE,FALSE,821.8,past_add_d,putted,434,113,113_4
singleton,put,FALSE,TRUE,TRUE,FALSE,821.8,group_trans,put,435,113,113_5
singleton,read,FALSE,TRUE,TRUE,FALSE,700,bare_stem,read,436,114,114_1
singleton,read,FALSE,TRUE,TRUE,FALSE,700,past,read,437,114,114_2
singleton,read,FALSE,TRUE,TRUE,FALSE,700,stem_add_d,readed,438,114,114_3
singleton,read,FALSE,TRUE,TRUE,FALSE,700,past_add_d,readed,439,114,114_4
singleton,read,FALSE,TRUE,TRUE,FALSE,700,group_trans,read,440,114,114_5
singleton,ride,FALSE,TRUE,TRUE,FALSE,730.5,bare_stem,ride,441,115,115_1
singleton,ride,FALSE,TRUE,TRUE,FALSE,730.5,past,rode,442,115,115_2
singleton,ride,FALSE,TRUE,TRUE,FALSE,730.5,stem_add_d,rided,443,115,115_3
singleton,ride,FALSE,TRUE,TRUE,FALSE,730.5,past_add_d,roded,444,115,115_4
singleton,ride,FALSE,TRUE,TRUE,FALSE,730.5,group_trans,rode,445,115,115_5
singleton,run,FALSE,TRUE,TRUE,TRUE,730.5,bare_stem,run,446,116,116_1
singleton,run,FALSE,TRUE,TRUE,TRUE,730.5,past,ran,447,116,116_2
singleton,run,FALSE,TRUE,TRUE,TRUE,730.5,stem_add_d,runned,448,116,116_3
singleton,run,FALSE,TRUE,TRUE,TRUE,730.5,past_add_d,ranned,449,116,116_4
singleton,run,FALSE,TRUE,TRUE,TRUE,730.5,group_trans,ran,450,116,116_5
singleton,see,FALSE,TRUE,TRUE,TRUE,700,bare_stem,see,451,117,117_1
singleton,see,FALSE,TRUE,TRUE,TRUE,700,past,saw,452,117,117_2
singleton,see,FALSE,TRUE,TRUE,TRUE,700,stem_add_d,seed,453,117,117_3
singleton,see,FALSE,TRUE,TRUE,TRUE,700,past_add_d,sawed,454,117,117_4
singleton,see,FALSE,TRUE,TRUE,TRUE,700,group_trans,saw,455,117,117_5
singleton,shake,FALSE,TRUE,TRUE,FALSE,821.8,bare_stem,shake,456,118,118_1
singleton,shake,FALSE,TRUE,TRUE,FALSE,821.8,past,shook,457,118,118_2
singleton,shake,FALSE,TRUE,TRUE,FALSE,821.8,stem_add_d,shaked,458,118,118_3
singleton,shake,FALSE,TRUE,TRUE,FALSE,821.8,past_add_d,shooked,459,118,118_4
singleton,shake,FALSE,TRUE,TRUE,FALSE,821.8,group_trans,shook,460,118,118_5
singleton,sit,FALSE,TRUE,TRUE,TRUE,669.6,bare_stem,sit,461,119,119_1
singleton,sit,FALSE,TRUE,TRUE,TRUE,669.6,past,sat,462,119,119_2
singleton,sit,FALSE,TRUE,TRUE,TRUE,669.6,stem_add_d,sitted,463,119,119_3
singleton,sit,FALSE,TRUE,TRUE,TRUE,669.6,past_add_d,satted,464,119,119_4
singleton,sit,FALSE,TRUE,TRUE,TRUE,669.6,group_trans,sat,465,119,119_5
singleton,sleep,FALSE,TRUE,TRUE,FALSE,700,bare_stem,sleep,466,120,120_1
singleton,sleep,FALSE,TRUE,TRUE,FALSE,700,past,slept,467,120,120_2
singleton,sleep,FALSE,TRUE,TRUE,FALSE,700,stem_add_d,sleeped,468,120,120_3
singleton,sleep,FALSE,TRUE,TRUE,FALSE,700,past_add_d,slepted,469,120,120_4
singleton,sleep,FALSE,TRUE,TRUE,FALSE,700,group_trans,slept,470,120,120_5
singleton,slide,FALSE,TRUE,TRUE,FALSE,730.5,bare_stem,slide,471,121,121_1
singleton,slide,FALSE,TRUE,TRUE,FALSE,730.5,past,slid,472,121,121_2
singleton,slide,FALSE,TRUE,TRUE,FALSE,730.5,stem_add_d,slided,473,121,121_3
singleton,slide,FALSE,TRUE,TRUE,FALSE,730.5,past_add_d,slided,474,121,121_4
singleton,slide,FALSE,TRUE,TRUE,FALSE,730.5,group_trans,slid,475,121,121_5
singleton,stand,FALSE,TRUE,TRUE,FALSE,791.4,bare_stem,stand,476,122,122_1
singleton,stand,FALSE,TRUE,TRUE,FALSE,791.4,past,stood,477,122,122_2
singleton,stand,FALSE,TRUE,TRUE,FALSE,791.4,stem_add_d,standed,478,122,122_3
singleton,stand,FALSE,TRUE,TRUE,FALSE,791.4,past_add_d,stooded,479,122,122_4
singleton,stand,FALSE,TRUE,TRUE,FALSE,791.4,group_trans,stood,480,122,122_5
singleton,sweep,FALSE,TRUE,TRUE,FALSE,791.4,bare_stem,sweep,481,123,123_1
singleton,sweep,FALSE,TRUE,TRUE,FALSE,791.4,past,swept,482,123,123_2
singleton,sweep,FALSE,TRUE,TRUE,FALSE,791.4,stem_add_d,sweeped,483,123,123_3
singleton,sweep,FALSE,TRUE,TRUE,FALSE,791.4,past_add_d,swepted,484,123,123_4
singleton,sweep,FALSE,TRUE,TRUE,FALSE,791.4,group_trans,swept,485,123,123_5
singleton,swim,FALSE,TRUE,TRUE,FALSE,760.9,bare_stem,swim,486,124,124_1
singleton,swim,FALSE,TRUE,TRUE,FALSE,760.9,past,swam,487,124,124_2
singleton,swim,FALSE,TRUE,TRUE,FALSE,760.9,stem_add_d,swimmed,488,124,124_3
singleton,swim,FALSE,TRUE,TRUE,FALSE,760.9,past_add_d,swamed,489,124,124_4
singleton,swim,FALSE,TRUE,TRUE,FALSE,760.9,group_trans,swam,490,124,124_5
singleton,take,FALSE,TRUE,TRUE,TRUE,821.8,bare_stem,take,491,125,125_1
singleton,take,FALSE,TRUE,TRUE,TRUE,821.8,past,took,492,125,125_2
singleton,take,FALSE,TRUE,TRUE,TRUE,821.8,stem_add_d,taked,493,125,125_3
singleton,take,FALSE,TRUE,TRUE,TRUE,821.8,past_add_d,tooked,494,125,125_4
singleton,take,FALSE,TRUE,TRUE,TRUE,821.8,group_trans,took,495,125,125_5
singleton,tear,FALSE,TRUE,TRUE,FALSE,882.7,bare_stem,tear,496,126,126_1
singleton,tear,FALSE,TRUE,TRUE,FALSE,882.7,past,tore,497,126,126_2
singleton,tear,FALSE,TRUE,TRUE,FALSE,882.7,stem_add_d,teared,498,126,126_3
singleton,tear,FALSE,TRUE,TRUE,FALSE,882.7,past_add_d,teared,499,126,126_4
singleton,tear,FALSE,TRUE,TRUE,FALSE,882.7,group_trans,tore,500,126,126_5
singleton,think,FALSE,TRUE,TRUE,FALSE,913.1,bare_stem,think,501,127,127_1
singleton,think,FALSE,TRUE,TRUE,FALSE,913.1,past,thought,502,127,127_2
singleton,think,FALSE,TRUE,TRUE,FALSE,913.1,stem_add_d,thinked,503,127,127_3
singleton,think,FALSE,TRUE,TRUE,FALSE,913.1,past_add_d,thoughted,504,127,127_4
singleton,think,FALSE,TRUE,TRUE,FALSE,913.1,group_trans,thought,505,127,127_5
singleton,wake,FALSE,TRUE,TRUE,FALSE,821.8,bare_stem,wake,506,128,128_1
singleton,wake,FALSE,TRUE,TRUE,FALSE,821.8,past,woke,507,128,128_2
singleton,wake,FALSE,TRUE,TRUE,FALSE,821.8,stem_add_d,waked,508,128,128_3
singleton,wake,FALSE,TRUE,TRUE,FALSE,821.8,past_add_d,woked,509,128,128_4
singleton,wake,FALSE,TRUE,TRUE,FALSE,821.8,group_trans,woke,510,128,128_5
singleton,write,FALSE,TRUE,TRUE,FALSE,821.8,bare_stem,write,511,129,129_1
singleton,write,FALSE,TRUE,TRUE,FALSE,821.8,past,wrote,512,129,129_2
singleton,write,FALSE,TRUE,TRUE,FALSE,821.8,stem_add_d,writed,513,129,129_3
singleton,write,FALSE,TRUE,TRUE,FALSE,821.8,past_add_d,wroted,514,129,129_4
singleton,write,FALSE,TRUE,TRUE,FALSE,821.8,group_trans,wrote,515,129,129_5
